{
  "ID001": 3.080000000000041,
  "ID002": 2.75,
  "ID003": 0.9200000000000159
}